file,species
0021e90e4.png,Small-flowered Cranesbill
003d61042.png,Small-flowered Cranesbill
007b3da8b.png,Sugar beet
0086a6340.png,Loose Silky-bent
00c47e980.png,Scentless Mayweed
00d090cde.png,Cleavers
00ef713a8.png,Fat Hen
01291174f.png,Scentless Mayweed
026716f9b.png,Small-flowered Cranesbill
02cfeb38d.png,Fat Hen
03566743d.png,Cleavers
03a2ee656.png,Charlock
03e322a29.png,Small-flowered Cranesbill
03ef36742.png,Black-grass
043449b0b.png,Sugar beet
0437393b1.png,Fat Hen
04814f36d.png,Small-flowered Cranesbill
05341a8a6.png,Scentless Mayweed
060450d79.png,Cleavers
060f1dc84.png,Fat Hen
0625f063b.png,Fat Hen
063363305.png,Small-flowered Cranesbill
06d12f6fa.png,Fat Hen
071cb3ece.png,Loose Silky-bent
0751c0bbc.png,Loose Silky-bent
07e62f903.png,Charlock
085974290.png,Fat Hen
0885e7690.png,Fat Hen
089ad62a7.png,Common Chickweed
08d591441.png,Loose Silky-bent
0911d3dee.png,Loose Silky-bent
099b961ec.png,Shepherds Purse
0a64e3e6c.png,Cleavers
0ad9e7dfb.png,Cleavers
0ae6668fa.png,Common Chickweed
0bf7bfb05.png,Loose Silky-bent
0c27cf05f.png,Fat Hen
0c4199daa.png,Fat Hen
0c45ace27.png,Fat Hen
0c51bf229.png,Maize
0c5f6c493.png,Small-flowered Cranesbill
0caeda5df.png,Cleavers
0d117d910.png,Small-flowered Cranesbill
0d31e6602.png,Black-grass
0dba99002.png,Common Chickweed
0e8492cb1.png,Sugar beet
0ebf8f2f4.png,Black-grass
0ee4ad224.png,Fat Hen
0f6cbe5e8.png,Maize
0fb233ad6.png,Fat Hen
115f93ecc.png,Loose Silky-bent
116b136de.png,Small-flowered Cranesbill
1191ba346.png,Shepherds Purse
11d3f68ff.png,Loose Silky-bent
122913909.png,Maize
12625488b.png,Fat Hen
126a71ce0.png,Charlock
1312065a5.png,Small-flowered Cranesbill
1364b297a.png,Charlock
1376f3b63.png,Black-grass
13b9fa92d.png,Common Chickweed
1459e96a0.png,Cleavers
148bbda66.png,Sugar beet
14bb43eee.png,Small-flowered Cranesbill
1541bdb2e.png,Maize
1623fb9e1.png,Small-flowered Cranesbill
16357b436.png,Fat Hen
16467a950.png,Small-flowered Cranesbill
165681fd9.png,Small-flowered Cranesbill
1694a70e4.png,Loose Silky-bent
16fd2e01a.png,Small-flowered Cranesbill
172f9b10b.png,Small-flowered Cranesbill
17529c555.png,Common Chickweed
1758a1baf.png,Small-flowered Cranesbill
177d7e2a4.png,Common Chickweed
17a78fb44.png,Small-flowered Cranesbill
17d5e5ac4.png,Fat Hen
1821eb11a.png,Fat Hen
187668bde.png,Loose Silky-bent
1926e82fd.png,Fat Hen
19618ad6a.png,Loose Silky-bent
19b51843a.png,Loose Silky-bent
19e58cc5e.png,Common Chickweed
19fdf19fb.png,Sugar beet
1b490196c.png,Common Chickweed
1b6a6494d.png,Charlock
1be0713da.png,Charlock
1bf9b94a6.png,Fat Hen
1c52ea820.png,Common Chickweed
1c680883c.png,Sugar beet
1cfd91582.png,Charlock
1d0cbd819.png,Loose Silky-bent
1d321253f.png,Small-flowered Cranesbill
1d48b7564.png,Small-flowered Cranesbill
1d56351b2.png,Fat Hen
1dc7c45df.png,Fat Hen
1e095a7e1.png,Fat Hen
1f290e016.png,Fat Hen
1f3f44563.png,Maize
1f5e5554e.png,Charlock
1fefb54b7.png,Black-grass
205df1df3.png,Cleavers
20817c846.png,Small-flowered Cranesbill
20e562fd5.png,Sugar beet
20ea96bcc.png,Small-flowered Cranesbill
20f983a71.png,Small-flowered Cranesbill
2126dc71b.png,Common Chickweed
219fd68d5.png,Small-flowered Cranesbill
223e4af09.png,Cleavers
22e79540f.png,Small-flowered Cranesbill
22fbf13d6.png,Black-grass
239bdf640.png,Fat Hen
23bc8ec4f.png,Fat Hen
23e480e64.png,Common Chickweed
2406d6c99.png,Small-flowered Cranesbill
241e6935a.png,Sugar beet
248436078.png,Small-flowered Cranesbill
24a058589.png,Charlock
24c94a6ca.png,Common Chickweed
24d36c52c.png,Sugar beet
24d78df74.png,Loose Silky-bent
24dbc3b21.png,Small-flowered Cranesbill
258b1183c.png,Cleavers
25a4c427e.png,Fat Hen
25cf6eb73.png,Maize
25fa8d109.png,Loose Silky-bent
26852751a.png,Fat Hen
2693e5c65.png,Maize
26e7ae885.png,Loose Silky-bent
270b939cf.png,Small-flowered Cranesbill
279df95f2.png,Sugar beet
288564c76.png,Loose Silky-bent
29bab7cad.png,Charlock
29ce426a1.png,Small-flowered Cranesbill
29f49cd0b.png,Small-flowered Cranesbill
2a5064f19.png,Small-flowered Cranesbill
2a667e099.png,Fat Hen
2b55a2da2.png,Charlock
2bd74d2da.png,Shepherds Purse
2d5058a59.png,Common Chickweed
2d992d1fb.png,Cleavers
2d9c798f9.png,Charlock
2dd5cfba9.png,Small-flowered Cranesbill
2df78338c.png,Small-flowered Cranesbill
2e86f1085.png,Cleavers
2ea664465.png,Small-flowered Cranesbill
2f0004a7f.png,Small-flowered Cranesbill
2f246d688.png,Small-flowered Cranesbill
2ff5cb348.png,Common Chickweed
30ad31220.png,Fat Hen
3185294c8.png,Loose Silky-bent
31f3dd81f.png,Small-flowered Cranesbill
31fcdc161.png,Maize
3281183f9.png,Common Chickweed
32a8c8a1d.png,Fat Hen
32b42c120.png,Fat Hen
32c86784b.png,Fat Hen
33317fc2a.png,Black-grass
33448fe39.png,Fat Hen
33748968f.png,Small-flowered Cranesbill
338c7e907.png,Cleavers
34dd57ca9.png,Loose Silky-bent
3526b05cc.png,Small-flowered Cranesbill
35a90f8d0.png,Sugar beet
35cf9fa01.png,Shepherds Purse
35ebe165c.png,Black-grass
36839d5e9.png,Small-flowered Cranesbill
36d62bf36.png,Sugar beet
36ed4f215.png,Cleavers
37297a64c.png,Common wheat
37714071b.png,Fat Hen
377283a21.png,Maize
37c3108d6.png,Charlock
37e545a60.png,Common Chickweed
3827436f3.png,Fat Hen
38c054379.png,Charlock
391dcd7fd.png,Fat Hen
39858776a.png,Common Chickweed
39b740f7e.png,Fat Hen
39c8fde99.png,Fat Hen
39d569be4.png,Loose Silky-bent
3a909ead8.png,Small-flowered Cranesbill
3abb502fb.png,Loose Silky-bent
3b73c3b61.png,Common Chickweed
3bbef3ecb.png,Sugar beet
3d38a87bc.png,Small-flowered Cranesbill
3d65168c2.png,Common Chickweed
3d67c434b.png,Small-flowered Cranesbill
3da774107.png,Charlock
3dd52bd2a.png,Cleavers
3e9f41817.png,Scentless Mayweed
3ebbe9ca4.png,Small-flowered Cranesbill
3eda9cbb6.png,Cleavers
3edf5e9ef.png,Loose Silky-bent
3eebd36c6.png,Charlock
3efa1f66c.png,Common Chickweed
3f64c2c1b.png,Small-flowered Cranesbill
3f826b318.png,Fat Hen
3f92d8039.png,Sugar beet
3fbd0fc6a.png,Cleavers
3fbf1a417.png,Cleavers
4049a6ea6.png,Fat Hen
406162ef9.png,Charlock
406ecb5c5.png,Charlock
410e6f702.png,Shepherds Purse
41e07778c.png,Fat Hen
41f1c3cdb.png,Common Chickweed
4287d810c.png,Fat Hen
429211ee6.png,Cleavers
42e7ed442.png,Shepherds Purse
4392d93cf.png,Small-flowered Cranesbill
43ede9de9.png,Small-flowered Cranesbill
444473900.png,Common Chickweed
446f7da01.png,Fat Hen
44e8b8833.png,Small-flowered Cranesbill
456d507c0.png,Charlock
466bb6d3b.png,Charlock
46c14fde2.png,Loose Silky-bent
47b7d8e17.png,Cleavers
47f9e5d91.png,Shepherds Purse
48231e475.png,Small-flowered Cranesbill
4823c3ffa.png,Small-flowered Cranesbill
486e59179.png,Small-flowered Cranesbill
48d97c645.png,Small-flowered Cranesbill
48ef6a2ff.png,Fat Hen
490c4f9c8.png,Loose Silky-bent
4a337a4a9.png,Common Chickweed
4ac29bbf0.png,Fat Hen
4b032563b.png,Fat Hen
4b155fb07.png,Charlock
4bbf1f6ea.png,Scentless Mayweed
4bbfd1e05.png,Small-flowered Cranesbill
4bcdaa5e2.png,Shepherds Purse
4c5ab9b68.png,Small-flowered Cranesbill
4c7838de4.png,Shepherds Purse
4c8005bbc.png,Scentless Mayweed
4e1190d78.png,Small-flowered Cranesbill
4e18ab737.png,Small-flowered Cranesbill
4e69d100a.png,Small-flowered Cranesbill
4e9d3765f.png,Charlock
4ea7493d5.png,Small-flowered Cranesbill
4f44ca525.png,Fat Hen
4f83143e1.png,Maize
502dff972.png,Charlock
506347cfe.png,Small-flowered Cranesbill
50de8a115.png,Charlock
521b27a17.png,Scentless Mayweed
523e5505c.png,Charlock
5296835a0.png,Shepherds Purse
52a87abe5.png,Small-flowered Cranesbill
52dc7a4d6.png,Fat Hen
5315c2dca.png,Black-grass
534e74d83.png,Cleavers
539961189.png,Small-flowered Cranesbill
53ceb4657.png,Charlock
53e6e9000.png,Fat Hen
54b3afd58.png,Scentless Mayweed
54c8bb900.png,Charlock
550a8b7e6.png,Small-flowered Cranesbill
55251925f.png,Fat Hen
558aa7deb.png,Loose Silky-bent
55920f07f.png,Black-grass
55a852f40.png,Fat Hen
55fed435f.png,Black-grass
56112b92c.png,Fat Hen
56a01b835.png,Small-flowered Cranesbill
5779fe8b4.png,Fat Hen
5817b766d.png,Loose Silky-bent
5883b423d.png,Small-flowered Cranesbill
589e643b8.png,Small-flowered Cranesbill
590f5aea6.png,Charlock
592473c83.png,Black-grass
592cc5b89.png,Fat Hen
59358cd44.png,Small-flowered Cranesbill
593896f83.png,Fat Hen
599691cd9.png,Cleavers
599c82eea.png,Small-flowered Cranesbill
59b2c6f2b.png,Common Chickweed
59c6a9f95.png,Small-flowered Cranesbill
59e1cea8d.png,Cleavers
59f62ad1d.png,Scentless Mayweed
5a38ac566.png,Common Chickweed
5a6bf96f6.png,Charlock
5af1d74ee.png,Black-grass
5b3000b9a.png,Charlock
5b3beec58.png,Black-grass
5b63dcc21.png,Loose Silky-bent
5bbc0a255.png,Sugar beet
5bc6595f6.png,Maize
5bd71f445.png,Sugar beet
5bdcfa329.png,Fat Hen
5c3cd7ea2.png,Fat Hen
5ca0205f9.png,Shepherds Purse
5ca2687a4.png,Charlock
5dcad9a53.png,Small-flowered Cranesbill
5e6a237f2.png,Fat Hen
5eb9c26a6.png,Small-flowered Cranesbill
5ee9d0a5b.png,Fat Hen
5f04aed97.png,Small-flowered Cranesbill
6049234e6.png,Common Chickweed
604dd663f.png,Sugar beet
606647f64.png,Small-flowered Cranesbill
60ee66ddd.png,Charlock
60f0bc617.png,Shepherds Purse
60fea2ef6.png,Small-flowered Cranesbill
615d2b0a9.png,Fat Hen
618de3d7a.png,Charlock
61b044411.png,Cleavers
61dd2cdc5.png,Common Chickweed
632156793.png,Small-flowered Cranesbill
63c07d340.png,Fat Hen
647689543.png,Scentless Mayweed
64fe8beb9.png,Cleavers
653193c1a.png,Fat Hen
65489944f.png,Fat Hen
659412b1a.png,Cleavers
65d08b894.png,Fat Hen
65e262a6d.png,Charlock
65e97117e.png,Cleavers
664194d19.png,Charlock
6680836dd.png,Common Chickweed
668c1007c.png,Charlock
66ab0e8d0.png,Charlock
675ec1b0b.png,Fat Hen
67ce3eaa6.png,Common Chickweed
67e185673.png,Small-flowered Cranesbill
686dc7ec8.png,Loose Silky-bent
6908fb540.png,Loose Silky-bent
6982a9d30.png,Common Chickweed
699d3c707.png,Fat Hen
69d1669f8.png,Charlock
6a41bf95b.png,Small-flowered Cranesbill
6a47821f9.png,Loose Silky-bent
6b721f68e.png,Black-grass
6b9d6f8c9.png,Fat Hen
6ba4ef411.png,Black-grass
6bce55e05.png,Charlock
6be169e41.png,Small-flowered Cranesbill
6c874918c.png,Small-flowered Cranesbill
6d6eb3830.png,Shepherds Purse
6da892be6.png,Small-flowered Cranesbill
6db684fff.png,Common Chickweed
6dd095129.png,Common Chickweed
6df8e31ea.png,Charlock
6edb96d45.png,Cleavers
6edc76e7c.png,Small-flowered Cranesbill
711b46fba.png,Shepherds Purse
71334c634.png,Black-grass
71b232519.png,Fat Hen
71e73a8a0.png,Sugar beet
71f5323c5.png,Loose Silky-bent
721b2c47a.png,Shepherds Purse
721be0a4a.png,Small-flowered Cranesbill
728eabae1.png,Charlock
73260a4ee.png,Charlock
74068643d.png,Loose Silky-bent
74d810f87.png,Loose Silky-bent
74fd477eb.png,Common Chickweed
7506c0c02.png,Small-flowered Cranesbill
752101fdf.png,Cleavers
754b1adf8.png,Fat Hen
756dd5070.png,Fat Hen
75cb95e91.png,Charlock
7615e52d3.png,Small-flowered Cranesbill
76555b064.png,Fat Hen
7691014a1.png,Charlock
7696badea.png,Black-grass
76dbd1054.png,Black-grass
770a265f5.png,Sugar beet
77ccb8b2a.png,Charlock
780bd2a2c.png,Sugar beet
780defa2e.png,Small-flowered Cranesbill
785a73ab8.png,Charlock
78750e0ff.png,Charlock
78b1bf91a.png,Scentless Mayweed
78c5fba1d.png,Loose Silky-bent
79d93bc96.png,Small-flowered Cranesbill
79dafec17.png,Cleavers
79e5ea8fa.png,Charlock
79fba50db.png,Shepherds Purse
7a38416be.png,Common Chickweed
7b21ba6ba.png,Fat Hen
7b52585da.png,Small-flowered Cranesbill
7beb2766f.png,Small-flowered Cranesbill
7c85b0265.png,Loose Silky-bent
7cabd68cc.png,Common Chickweed
7d22abf91.png,Small-flowered Cranesbill
7d3045fc3.png,Cleavers
7d4cd07ad.png,Cleavers
7e9cf1c46.png,Loose Silky-bent
7f31c7f42.png,Loose Silky-bent
7f46a71db.png,Cleavers
7f9e9565d.png,Fat Hen
7fdb7202d.png,Loose Silky-bent
800a8c17e.png,Fat Hen
808578ed5.png,Small-flowered Cranesbill
808cf55c6.png,Charlock
809eb0b82.png,Shepherds Purse
80e299ae9.png,Charlock
8104422bb.png,Shepherds Purse
8170d33c1.png,Maize
824f5d4e5.png,Small-flowered Cranesbill
827279bad.png,Loose Silky-bent
82b5f4d33.png,Charlock
8301b0547.png,Fat Hen
8303b27ed.png,Fat Hen
8311740de.png,Loose Silky-bent
835dc5447.png,Common Chickweed
837ac0270.png,Loose Silky-bent
8455169fe.png,Sugar beet
851c90831.png,Common Chickweed
85431c075.png,Fat Hen
855955aaf.png,Small-flowered Cranesbill
856f2910a.png,Fat Hen
8585f9718.png,Black-grass
862b8e7a0.png,Loose Silky-bent
86676d627.png,Loose Silky-bent
866be78b0.png,Cleavers
86c309150.png,Small-flowered Cranesbill
86f08e6d1.png,Fat Hen
87608f7aa.png,Small-flowered Cranesbill
87f627bf9.png,Small-flowered Cranesbill
8874bba69.png,Black-grass
88ac6df54.png,Small-flowered Cranesbill
88d8a4508.png,Cleavers
8916793ce.png,Small-flowered Cranesbill
892e9d6c6.png,Fat Hen
897e5a8de.png,Small-flowered Cranesbill
8a30b2de3.png,Common wheat
8a32d0bfa.png,Small-flowered Cranesbill
8a4d3a1b1.png,Fat Hen
8a8d6c712.png,Small-flowered Cranesbill
8ab8a958b.png,Loose Silky-bent
8b043093d.png,Small-flowered Cranesbill
8b27bfd2b.png,Small-flowered Cranesbill
8b9144917.png,Small-flowered Cranesbill
8bc0261c9.png,Common Chickweed
8c98a6e9b.png,Black-grass
8c9953903.png,Loose Silky-bent
8ca6140ca.png,Fat Hen
8cf2e3e6c.png,Small-flowered Cranesbill
8cf909eb3.png,Small-flowered Cranesbill
8cfd98117.png,Fat Hen
8d6991365.png,Charlock
8d6acbe9b.png,Scentless Mayweed
8db450ce3.png,Sugar beet
8dbb8e1b9.png,Fat Hen
8e29abce1.png,Fat Hen
8e2e5604e.png,Sugar beet
8e3ed0a25.png,Common Chickweed
8e4eaeec0.png,Common Chickweed
8e6ec1ca6.png,Small-flowered Cranesbill
8ece6efec.png,Small-flowered Cranesbill
8f523520c.png,Small-flowered Cranesbill
8faadb6a8.png,Common Chickweed
90b595f12.png,Small-flowered Cranesbill
90d119d25.png,Fat Hen
91e469b4a.png,Charlock
92292055d.png,Cleavers
93079d970.png,Small-flowered Cranesbill
9326bda1b.png,Small-flowered Cranesbill
93d76fd5d.png,Fat Hen
948cdb277.png,Charlock
9516e56c4.png,Loose Silky-bent
953496deb.png,Small-flowered Cranesbill
958bb9e96.png,Small-flowered Cranesbill
963544aa0.png,Charlock
9643fc5f4.png,Charlock
966ae5ad9.png,Loose Silky-bent
969a851be.png,Cleavers
96ecad7a1.png,Cleavers
96f14d90c.png,Small-flowered Cranesbill
974959ec1.png,Fat Hen
976e4e079.png,Fat Hen
97844bfd5.png,Shepherds Purse
97b2f0a10.png,Common Chickweed
98062cd87.png,Small-flowered Cranesbill
98d819587.png,Shepherds Purse
98da6ef4e.png,Common Chickweed
99036c51d.png,Loose Silky-bent
99569b224.png,Loose Silky-bent
995c7ab1e.png,Charlock
9a3f20121.png,Fat Hen
9aa5587fe.png,Loose Silky-bent
9b4800b42.png,Common Chickweed
9b9911f20.png,Cleavers
9baf94467.png,Fat Hen
9c0c5b731.png,Sugar beet
9c32a797e.png,Fat Hen
9c777333d.png,Cleavers
9c8b08a24.png,Cleavers
9cce7328c.png,Small-flowered Cranesbill
9d3cb4745.png,Small-flowered Cranesbill
9d79a1f0c.png,Fat Hen
9df3275da.png,Small-flowered Cranesbill
9fab816f2.png,Small-flowered Cranesbill
a006a475c.png,Common Chickweed
a060c1cf8.png,Maize
a0b393945.png,Small-flowered Cranesbill
a0f37c726.png,Fat Hen
a169b71e7.png,Common Chickweed
a19c3faca.png,Fat Hen
a1da8be3c.png,Maize
a1e0a6c02.png,Common Chickweed
a254d71f6.png,Common Chickweed
a276c65f7.png,Fat Hen
a2b703e21.png,Small-flowered Cranesbill
a2c89c367.png,Cleavers
a2d25b4f3.png,Common Chickweed
a35fd6fbb.png,Small-flowered Cranesbill
a38b8a581.png,Fat Hen
a3b375b34.png,Loose Silky-bent
a3d0031fd.png,Fat Hen
a4b61a4ea.png,Small-flowered Cranesbill
a544fc46d.png,Black-grass
a55d26a4c.png,Fat Hen
a5db42f7d.png,Maize
a74bf916d.png,Charlock
a74d475c2.png,Common Chickweed
a7bd7cadb.png,Fat Hen
a800caead.png,Sugar beet
a83820a2c.png,Small-flowered Cranesbill
a8388a37f.png,Black-grass
a85b48a95.png,Cleavers
a85fc8c9a.png,Cleavers
a890ac088.png,Small-flowered Cranesbill
a8b431a3e.png,Fat Hen
a8c8a1db0.png,Small-flowered Cranesbill
a8da9c08d.png,Small-flowered Cranesbill
a8de7c1b7.png,Fat Hen
a935ca110.png,Common Chickweed
a93f940d6.png,Cleavers
a9d2eab61.png,Fat Hen
aa7d098d1.png,Cleavers
aad8375e0.png,Small-flowered Cranesbill
aaf4da98f.png,Common Chickweed
ab0f67743.png,Small-flowered Cranesbill
ab35453cb.png,Cleavers
abc331628.png,Common wheat
abf8b0772.png,Cleavers
ac3193f78.png,Shepherds Purse
ac75d3326.png,Small-flowered Cranesbill
acdb75e00.png,Loose Silky-bent
ace8761dd.png,Common Chickweed
ad12382d4.png,Loose Silky-bent
adb7a032c.png,Small-flowered Cranesbill
ae90f2827.png,Scentless Mayweed
aecfaed64.png,Small-flowered Cranesbill
aee6fa3df.png,Fat Hen
af45e222a.png,Shepherds Purse
afa446484.png,Common Chickweed
afcf6abd5.png,Small-flowered Cranesbill
b026bf8ca.png,Small-flowered Cranesbill
b03397525.png,Loose Silky-bent
b0acaff4a.png,Charlock
b130a0632.png,Cleavers
b145ba9d4.png,Small-flowered Cranesbill
b1cd2a91e.png,Small-flowered Cranesbill
b215531dd.png,Cleavers
b2706e2b3.png,Small-flowered Cranesbill
b29339405.png,Small-flowered Cranesbill
b30ab4659.png,Shepherds Purse
b31292706.png,Shepherds Purse
b341d0aab.png,Fat Hen
b39c71707.png,Black-grass
b3d6fdb80.png,Cleavers
b3e08b037.png,Common Chickweed
b47691c08.png,Small-flowered Cranesbill
b4c3df835.png,Black-grass
b4f7c9214.png,Small-flowered Cranesbill
b573b7a56.png,Loose Silky-bent
b5c7fd009.png,Loose Silky-bent
b62dca166.png,Fat Hen
b687160f5.png,Fat Hen
b6a3f7876.png,Fat Hen
b6f3d8b5d.png,Common Chickweed
b7192c70f.png,Fat Hen
b7a7f6390.png,Small-flowered Cranesbill
b7ad92859.png,Small-flowered Cranesbill
b828443ff.png,Maize
b9062c1c8.png,Small-flowered Cranesbill
b944a49ca.png,Loose Silky-bent
b98327bf4.png,Small-flowered Cranesbill
ba3ce6b3e.png,Scentless Mayweed
bb1c84bbc.png,Shepherds Purse
bb1d1bfd3.png,Charlock
bb20fce02.png,Cleavers
bb64660b7.png,Common Chickweed
bb7621cb3.png,Scentless Mayweed
bd72d4d8a.png,Loose Silky-bent
bd789d151.png,Common Chickweed
bdde957ec.png,Small-flowered Cranesbill
be2499cf4.png,Small-flowered Cranesbill
be341dbdc.png,Scentless Mayweed
bea23d9f8.png,Cleavers
bebcaab66.png,Common Chickweed
beebe5f4e.png,Scentless Mayweed
bf3924a57.png,Cleavers
bf66b9cd2.png,Maize
bfab3e3d0.png,Fat Hen
bffc08672.png,Common Chickweed
c0461776c.png,Small-flowered Cranesbill
c069fc3fa.png,Loose Silky-bent
c06e7c748.png,Cleavers
c0bc3997b.png,Shepherds Purse
c0d9e170b.png,Small-flowered Cranesbill
c0f5d9ac8.png,Small-flowered Cranesbill
c10ccbd82.png,Fat Hen
c10db7ae2.png,Maize
c1ecff98b.png,Black-grass
c26ccf73c.png,Small-flowered Cranesbill
c2de6020a.png,Fat Hen
c35efa095.png,Small-flowered Cranesbill
c4ed8ed38.png,Shepherds Purse
c50335991.png,Fat Hen
c5078bac5.png,Black-grass
c5e419015.png,Common Chickweed
c5e88cd42.png,Common Chickweed
c60e91e07.png,Loose Silky-bent
c63da993b.png,Small-flowered Cranesbill
c64370a72.png,Sugar beet
c6b76307d.png,Common Chickweed
c6c8d4ba0.png,Sugar beet
c7051c902.png,Small-flowered Cranesbill
c74c5b7fc.png,Shepherds Purse
c75a82234.png,Cleavers
c7ae30f3a.png,Loose Silky-bent
c7b07431e.png,Fat Hen
c7eb96871.png,Charlock
c832e4302.png,Small-flowered Cranesbill
c85ef220d.png,Sugar beet
c88ebfb47.png,Small-flowered Cranesbill
c8f50f0c3.png,Sugar beet
caa2fbd79.png,Cleavers
cadab6616.png,Shepherds Purse
cae684f8f.png,Charlock
cb496f36e.png,Fat Hen
cb76a7766.png,Fat Hen
cbba27d89.png,Black-grass
cbe761896.png,Charlock
cc3d2a59a.png,Small-flowered Cranesbill
cc74feadc.png,Charlock
cd5f0db1c.png,Small-flowered Cranesbill
cd6adba97.png,Loose Silky-bent
ce15eee52.png,Charlock
ce3d280eb.png,Sugar beet
ce42adffb.png,Small-flowered Cranesbill
cec5bf198.png,Fat Hen
cf3a8b2fd.png,Common Chickweed
cf46d09c5.png,Loose Silky-bent
cf90fc52d.png,Charlock
cfb18d262.png,Scentless Mayweed
cfd8165e9.png,Common Chickweed
d0152bd7c.png,Small-flowered Cranesbill
d01873fdd.png,Scentless Mayweed
d09275360.png,Common Chickweed
d09d24c58.png,Fat Hen
d0cdc768f.png,Black-grass
d102e1a15.png,Charlock
d14aa43f3.png,Common Chickweed
d17f48d3b.png,Small-flowered Cranesbill
d2f0f326e.png,Loose Silky-bent
d2f422ccb.png,Common Chickweed
d2fd9df40.png,Loose Silky-bent
d3331e071.png,Fat Hen
d350a25fa.png,Charlock
d41d87796.png,Small-flowered Cranesbill
d488a4fe1.png,Cleavers
d515398fd.png,Fat Hen
d563be369.png,Small-flowered Cranesbill
d5f7dd60a.png,Sugar beet
d668409ff.png,Black-grass
d689256be.png,Charlock
d6c8c3c48.png,Common Chickweed
d6d31dcbe.png,Small-flowered Cranesbill
d6d80a321.png,Loose Silky-bent
d7017f701.png,Loose Silky-bent
d84d37a61.png,Sugar beet
d89db156f.png,Small-flowered Cranesbill
d8f4923f8.png,Fat Hen
d93c7ab6d.png,Common Chickweed
d9c50616e.png,Loose Silky-bent
da231c97f.png,Common Chickweed
da4ed3a28.png,Shepherds Purse
da5255450.png,Sugar beet
da713c465.png,Scentless Mayweed
da9ef7858.png,Charlock
dabe3e5be.png,Charlock
dabea05f4.png,Common Chickweed
dc4cd56a3.png,Fat Hen
dc55449b2.png,Scentless Mayweed
dcd7ff249.png,Fat Hen
dce2f6612.png,Sugar beet
dd5ec63d9.png,Fat Hen
dd9f36df7.png,Fat Hen
de0b79659.png,Shepherds Purse
df11d56a7.png,Small-flowered Cranesbill
df521c0c0.png,Scentless Mayweed
df7cb5f87.png,Common Chickweed
dfb1d9012.png,Cleavers
e0ec5b6a1.png,Small-flowered Cranesbill
e14afa235.png,Loose Silky-bent
e15472085.png,Common Chickweed
e15fce4f2.png,Small-flowered Cranesbill
e1809cef2.png,Scentless Mayweed
e19673dc9.png,Cleavers
e19ad6ac9.png,Fat Hen
e1a0e3202.png,Loose Silky-bent
e1abb4ff9.png,Fat Hen
e3f50adfc.png,Common Chickweed
e471f1d3a.png,Charlock
e478c452c.png,Fat Hen
e4a76885b.png,Charlock
e4d5ec761.png,Sugar beet
e5064f6be.png,Sugar beet
e52493d0b.png,Fat Hen
e5297b675.png,Loose Silky-bent
e5368474f.png,Loose Silky-bent
e5881dd33.png,Small-flowered Cranesbill
e5e3dccff.png,Loose Silky-bent
e6f1211a2.png,Sugar beet
e7077322d.png,Cleavers
e721c6ac8.png,Loose Silky-bent
e73e308be.png,Small-flowered Cranesbill
e783f5a4f.png,Small-flowered Cranesbill
e80a259c5.png,Small-flowered Cranesbill
e82017baa.png,Scentless Mayweed
e84464f5a.png,Small-flowered Cranesbill
e88bf0db9.png,Small-flowered Cranesbill
e901b0f28.png,Fat Hen
e921021a8.png,Fat Hen
e96e57a90.png,Small-flowered Cranesbill
e98e5d1d5.png,Cleavers
e9cd91682.png,Common Chickweed
e9d48d664.png,Cleavers
eaf0815e2.png,Fat Hen
ec08a5d56.png,Fat Hen
ede6b84b4.png,Charlock
edfdb4aeb.png,Fat Hen
eec1079a1.png,Charlock
eef131644.png,Common Chickweed
ef02b4ee7.png,Fat Hen
ef3e232ad.png,Cleavers
ef65533d5.png,Black-grass
ef74dbcad.png,Small-flowered Cranesbill
ef7a5651d.png,Sugar beet
ef9676433.png,Small-flowered Cranesbill
efe19dc32.png,Charlock
f0ffa00bd.png,Fat Hen
f1e87cba7.png,Fat Hen
f1f7c833f.png,Shepherds Purse
f23faf9c1.png,Scentless Mayweed
f25996db8.png,Fat Hen
f2dc546ca.png,Charlock
f33e9d918.png,Small-flowered Cranesbill
f351ce097.png,Small-flowered Cranesbill
f3fcfff1b.png,Cleavers
f4021df6c.png,Charlock
f4234cf4f.png,Fat Hen
f445fe6fb.png,Common Chickweed
f48916a8c.png,Cleavers
f4ad9d950.png,Cleavers
f4caf74f9.png,Charlock
f4e7733d4.png,Small-flowered Cranesbill
f593c9cf0.png,Fat Hen
f66ae4070.png,Charlock
f6d250856.png,Cleavers
f8318faf1.png,Fat Hen
f85ed9b6d.png,Small-flowered Cranesbill
f9b6bfb00.png,Small-flowered Cranesbill
f9ea23fb5.png,Small-flowered Cranesbill
f9f35cbd4.png,Cleavers
fa5fd1384.png,Shepherds Purse
fa9f3a8f9.png,Charlock
fadc6adbc.png,Cleavers
fb022edf9.png,Loose Silky-bent
fba8fc78a.png,Black-grass
fbf88b6be.png,Fat Hen
fc3e58836.png,Small-flowered Cranesbill
fc6f686fb.png,Loose Silky-bent
fd253a74e.png,Cleavers
fd87b36ae.png,Loose Silky-bent
fd925f542.png,Loose Silky-bent
fda0b5c38.png,Loose Silky-bent
fda39e16f.png,Charlock
fdea6b119.png,Loose Silky-bent
fe29629fb.png,Scentless Mayweed
fe9e87b78.png,Sugar beet
fea1d13d6.png,Fat Hen
fea355851.png,Small-flowered Cranesbill
fea3da57c.png,Small-flowered Cranesbill
fef2ade8c.png,Small-flowered Cranesbill
ff65bc002.png,Small-flowered Cranesbill
ffc6f8527.png,Small-flowered Cranesbill
